"Year","StationName","Patronage"
1996,"七張",NA
1997,"七張",NA
1998,"七張",NA
1999,"七張",754800
2000,"七張",6747629
2001,"七張",7091061
2002,"七張",7504955
2003,"七張",7251483
2004,"七張",7895892
2005,"七張",7889215
2006,"七張",7991720
2007,"七張",8061906
2008,"七張",8798641
2009,"七張",8857205
2010,"七張",9051501
2011,"七張",9490300
2012,"七張",9570290
2013,"七張",9792315
2014,"七張",10175274
2015,"七張",10731461
2016,"七張",11201768
2017,"七張",11403080
2018,"七張",11655383
2019,"七張",12098014
2020,"七張",10990526
2021,"七張",8287376
1996,"十四張",NA
1997,"十四張",NA
1998,"十四張",NA
1999,"十四張",NA
2000,"十四張",NA
2001,"十四張",NA
2002,"十四張",NA
2003,"十四張",NA
2004,"十四張",NA
2005,"十四張",NA
2006,"十四張",NA
2007,"十四張",NA
2008,"十四張",NA
2009,"十四張",NA
2010,"十四張",NA
2011,"十四張",NA
2012,"十四張",NA
2013,"十四張",NA
2014,"十四張",NA
2015,"十四張",NA
2016,"十四張",NA
2017,"十四張",NA
2018,"十四張",NA
2019,"十四張",NA
2020,"十四張",606890
2021,"十四張",698829
1996,"三民高中",NA
1997,"三民高中",NA
1998,"三民高中",NA
1999,"三民高中",NA
2000,"三民高中",NA
2001,"三民高中",NA
2002,"三民高中",NA
2003,"三民高中",NA
2004,"三民高中",NA
2005,"三民高中",NA
2006,"三民高中",NA
2007,"三民高中",NA
2008,"三民高中",NA
2009,"三民高中",NA
2010,"三民高中",1295420
2011,"三民高中",5937052
2012,"三民高中",6817133
2013,"三民高中",7392497
2014,"三民高中",7880583
2015,"三民高中",8259119
2016,"三民高中",8500448
2017,"三民高中",8663815
2018,"三民高中",8693301
2019,"三民高中",8730545
2020,"三民高中",7946114
2021,"三民高中",6263955
1996,"三和國中",NA
1997,"三和國中",NA
1998,"三和國中",NA
1999,"三和國中",NA
2000,"三和國中",NA
2001,"三和國中",NA
2002,"三和國中",NA
2003,"三和國中",NA
2004,"三和國中",NA
2005,"三和國中",NA
2006,"三和國中",NA
2007,"三和國中",NA
2008,"三和國中",NA
2009,"三和國中",NA
2010,"三和國中",1056242
2011,"三和國中",5600382
2012,"三和國中",6426647
2013,"三和國中",6881413
2014,"三和國中",7427545
2015,"三和國中",7905875
2016,"三和國中",8188856
2017,"三和國中",8320839
2018,"三和國中",8535702
2019,"三和國中",8833694
2020,"三和國中",8114143
2021,"三和國中",6389159
1996,"三重",NA
1997,"三重",NA
1998,"三重",NA
1999,"三重",NA
2000,"三重",NA
2001,"三重",NA
2002,"三重",NA
2003,"三重",NA
2004,"三重",NA
2005,"三重",NA
2006,"三重",NA
2007,"三重",NA
2008,"三重",NA
2009,"三重",NA
2010,"三重",NA
2011,"三重",NA
2012,"三重",1809704
2013,"三重",2201344
2014,"三重",2502599
2015,"三重",2884325
2016,"三重",3192933
2017,"三重",4160828
2018,"三重",4514421
2019,"三重",5078878
2020,"三重",4476952
2021,"三重",3555754
1996,"三重國小",NA
1997,"三重國小",NA
1998,"三重國小",NA
1999,"三重國小",NA
2000,"三重國小",NA
2001,"三重國小",NA
2002,"三重國小",NA
2003,"三重國小",NA
2004,"三重國小",NA
2005,"三重國小",NA
2006,"三重國小",NA
2007,"三重國小",NA
2008,"三重國小",NA
2009,"三重國小",NA
2010,"三重國小",1196138
2011,"三重國小",6029948
2012,"三重國小",6427316
2013,"三重國小",6909546
2014,"三重國小",7453702
2015,"三重國小",7933521
2016,"三重國小",8244293
2017,"三重國小",8309215
2018,"三重國小",8468991
2019,"三重國小",8610054
2020,"三重國小",7839887
2021,"三重國小",6181679
1996,"土城",NA
1997,"土城",NA
1998,"土城",NA
1999,"土城",NA
2000,"土城",NA
2001,"土城",NA
2002,"土城",NA
2003,"土城",NA
2004,"土城",NA
2005,"土城",NA
2006,"土城",1753824
2007,"土城",3286008
2008,"土城",3685052
2009,"土城",3836019
2010,"土城",4045395
2011,"土城",4269749
2012,"土城",4462875
2013,"土城",4554888
2014,"土城",4665687
2015,"土城",4787593
2016,"土城",4868736
2017,"土城",4937135
2018,"土城",5128694
2019,"土城",5307816
2020,"土城",5042392
2021,"土城",4077059
1996,"士林",NA
1997,"士林",1598329
1998,"士林",4746703
1999,"士林",9036298
2000,"士林",14262046
2001,"士林",14156845
2002,"士林",14515917
2003,"士林",13673130
2004,"士林",14752833
2005,"士林",14783547
2006,"士林",15255680
2007,"士林",16478437
2008,"士林",17421919
2009,"士林",17642033
2010,"士林",18000569
2011,"士林",19142510
2012,"士林",19090401
2013,"士林",19446691
2014,"士林",20540128
2015,"士林",21088402
2016,"士林",20950018
2017,"士林",20606015
2018,"士林",21089159
2019,"士林",21584199
2020,"士林",18044833
2021,"士林",14066094
1996,"大安",NA
1997,"大安",NA
1998,"大安",NA
1999,"大安",NA
2000,"大安",NA
2001,"大安",NA
2002,"大安",NA
2003,"大安",NA
2004,"大安",NA
2005,"大安",NA
2006,"大安",NA
2007,"大安",NA
2008,"大安",NA
2009,"大安",NA
2010,"大安",NA
2011,"大安",NA
2012,"大安",NA
2013,"大安",10362376
2014,"大安",13657836
2015,"大安",14909140
2016,"大安",15847580
2017,"大安",16464856
2018,"大安",17263833
2019,"大安",17755083
2020,"大安",15803667
2021,"大安",11923514
1996,"大安森林公園",NA
1997,"大安森林公園",NA
1998,"大安森林公園",NA
1999,"大安森林公園",NA
2000,"大安森林公園",NA
2001,"大安森林公園",NA
2002,"大安森林公園",NA
2003,"大安森林公園",NA
2004,"大安森林公園",NA
2005,"大安森林公園",NA
2006,"大安森林公園",NA
2007,"大安森林公園",NA
2008,"大安森林公園",NA
2009,"大安森林公園",NA
2010,"大安森林公園",NA
2011,"大安森林公園",NA
2012,"大安森林公園",NA
2013,"大安森林公園",1075853
2014,"大安森林公園",4654357
2015,"大安森林公園",5425569
2016,"大安森林公園",5848608
2017,"大安森林公園",6259022
2018,"大安森林公園",6454575
2019,"大安森林公園",6570923
2020,"大安森林公園",5772835
2021,"大安森林公園",4658463
1996,"大坪林",NA
1997,"大坪林",NA
1998,"大坪林",NA
1999,"大坪林",724764
2000,"大坪林",6741660
2001,"大坪林",7281125
2002,"大坪林",8003747
2003,"大坪林",8232632
2004,"大坪林",9198552
2005,"大坪林",9618767
2006,"大坪林",10384604
2007,"大坪林",10758240
2008,"大坪林",11270662
2009,"大坪林",11208040
2010,"大坪林",11671672
2011,"大坪林",12048547
2012,"大坪林",12309955
2013,"大坪林",12699349
2014,"大坪林",13319540
2015,"大坪林",13769871
2016,"大坪林",14081891
2017,"大坪林",14318615
2018,"大坪林",14718661
2019,"大坪林",14958358
2020,"大坪林",13242002
2021,"大坪林",9961324
1996,"大坪林Y",NA
1997,"大坪林Y",NA
1998,"大坪林Y",NA
1999,"大坪林Y",NA
2000,"大坪林Y",NA
2001,"大坪林Y",NA
2002,"大坪林Y",NA
2003,"大坪林Y",NA
2004,"大坪林Y",NA
2005,"大坪林Y",NA
2006,"大坪林Y",NA
2007,"大坪林Y",NA
2008,"大坪林Y",NA
2009,"大坪林Y",NA
2010,"大坪林Y",NA
2011,"大坪林Y",NA
2012,"大坪林Y",NA
2013,"大坪林Y",NA
2014,"大坪林Y",NA
2015,"大坪林Y",NA
2016,"大坪林Y",NA
2017,"大坪林Y",NA
2018,"大坪林Y",NA
2019,"大坪林Y",NA
2020,"大坪林Y",2086901
2021,"大坪林Y",1871783
1996,"大直",NA
1997,"大直",NA
1998,"大直",NA
1999,"大直",NA
2000,"大直",NA
2001,"大直",NA
2002,"大直",NA
2003,"大直",NA
2004,"大直",NA
2005,"大直",NA
2006,"大直",NA
2007,"大直",NA
2008,"大直",NA
2009,"大直",1762851
2010,"大直",4286347
2011,"大直",5035091
2012,"大直",5303717
2013,"大直",5568361
2014,"大直",5828299
2015,"大直",6537600
2016,"大直",6598126
2017,"大直",6529649
2018,"大直",6685158
2019,"大直",6710380
2020,"大直",5932354
2021,"大直",4484406
1996,"大湖公園",NA
1997,"大湖公園",NA
1998,"大湖公園",NA
1999,"大湖公園",NA
2000,"大湖公園",NA
2001,"大湖公園",NA
2002,"大湖公園",NA
2003,"大湖公園",NA
2004,"大湖公園",NA
2005,"大湖公園",NA
2006,"大湖公園",NA
2007,"大湖公園",NA
2008,"大湖公園",NA
2009,"大湖公園",703963
2010,"大湖公園",1462593
2011,"大湖公園",1729752
2012,"大湖公園",1842404
2013,"大湖公園",1900160
2014,"大湖公園",2147730
2015,"大湖公園",2389788
2016,"大湖公園",2442955
2017,"大湖公園",2376102
2018,"大湖公園",2434815
2019,"大湖公園",2513740
2020,"大湖公園",2314576
2021,"大湖公園",1865954
1996,"大橋頭",NA
1997,"大橋頭",NA
1998,"大橋頭",NA
1999,"大橋頭",NA
2000,"大橋頭",NA
2001,"大橋頭",NA
2002,"大橋頭",NA
2003,"大橋頭",NA
2004,"大橋頭",NA
2005,"大橋頭",NA
2006,"大橋頭",NA
2007,"大橋頭",NA
2008,"大橋頭",NA
2009,"大橋頭",NA
2010,"大橋頭",749238
2011,"大橋頭",3742549
2012,"大橋頭",5833106
2013,"大橋頭",6850875
2014,"大橋頭",7579167
2015,"大橋頭",8248292
2016,"大橋頭",8660614
2017,"大橋頭",8727418
2018,"大橋頭",9009538
2019,"大橋頭",9446706
2020,"大橋頭",8501056
2021,"大橋頭",6616086
1996,"小南門",NA
1997,"小南門",NA
1998,"小南門",NA
1999,"小南門",NA
2000,"小南門",618275
2001,"小南門",1846548
2002,"小南門",2164998
2003,"小南門",2125422
2004,"小南門",2348940
2005,"小南門",2441892
2006,"小南門",2610861
2007,"小南門",2840612
2008,"小南門",3117838
2009,"小南門",3082459
2010,"小南門",3140423
2011,"小南門",3217220
2012,"小南門",3229695
2013,"小南門",3230858
2014,"小南門",3962648
2015,"小南門",5121352
2016,"小南門",5768594
2017,"小南門",6094740
2018,"小南門",6585883
2019,"小南門",6891909
2020,"小南門",6183667
2021,"小南門",4509625
1996,"小碧潭",NA
1997,"小碧潭",NA
1998,"小碧潭",NA
1999,"小碧潭",NA
2000,"小碧潭",NA
2001,"小碧潭",NA
2002,"小碧潭",NA
2003,"小碧潭",NA
2004,"小碧潭",392720
2005,"小碧潭",1262195
2006,"小碧潭",1253416
2007,"小碧潭",1275126
2008,"小碧潭",1346269
2009,"小碧潭",1133526
2010,"小碧潭",1394805
2011,"小碧潭",1261086
2012,"小碧潭",1215446
2013,"小碧潭",1412528
2014,"小碧潭",1528204
2015,"小碧潭",1626623
2016,"小碧潭",1679891
2017,"小碧潭",1711357
2018,"小碧潭",1738052
2019,"小碧潭",2399330
2020,"小碧潭",2621659
2021,"小碧潭",1891277
1996,"中山",NA
1997,"中山",NA
1998,"中山",NA
1999,"中山",NA
2000,"中山",NA
2001,"中山",NA
2002,"中山",NA
2003,"中山",NA
2004,"中山",NA
2005,"中山",NA
2006,"中山",NA
2007,"中山",NA
2008,"中山",NA
2009,"中山",NA
2010,"中山",NA
2011,"中山",NA
2012,"中山",NA
2013,"中山",NA
2014,"中山",23792823
2015,"中山",26482840
2016,"中山",27814082
2017,"中山",28071567
2018,"中山",29500963
2019,"中山",31861558
2020,"中山",28025921
2021,"中山",22043369
1996,"中山國小",NA
1997,"中山國小",NA
1998,"中山國小",NA
1999,"中山國小",NA
2000,"中山國小",NA
2001,"中山國小",NA
2002,"中山國小",NA
2003,"中山國小",NA
2004,"中山國小",NA
2005,"中山國小",NA
2006,"中山國小",NA
2007,"中山國小",NA
2008,"中山國小",NA
2009,"中山國小",NA
2010,"中山國小",809925
2011,"中山國小",5114578
2012,"中山國小",7394688
2013,"中山國小",9278484
2014,"中山國小",10201883
2015,"中山國小",10891345
2016,"中山國小",11544335
2017,"中山國小",11818006
2018,"中山國小",12115440
2019,"中山國小",12437763
2020,"中山國小",10909156
2021,"中山國小",8455469
1996,"中山國中",3280319
1997,"中山國中",4316612
1998,"中山國中",4885058
1999,"中山國中",5629640
2000,"中山國中",9191033
2001,"中山國中",9801301
2002,"中山國中",10261161
2003,"中山國中",9633394
2004,"中山國中",9956520
2005,"中山國中",10081499
2006,"中山國中",10137498
2007,"中山國中",10512118
2008,"中山國中",11076369
2009,"中山國中",10311254
2010,"中山國中",10809845
2011,"中山國中",10723093
2012,"中山國中",10253438
2013,"中山國中",10091478
2014,"中山國中",10401535
2015,"中山國中",10528275
2016,"中山國中",10512694
2017,"中山國中",10321110
2018,"中山國中",10268603
2019,"中山國中",10243359
2020,"中山國中",9060071
2021,"中山國中",6857282
1996,"中正紀念堂",NA
1997,"中正紀念堂",NA
1998,"中正紀念堂",55563
1999,"中正紀念堂",6495938
2000,"中正紀念堂",12508296
2001,"中正紀念堂",12439223
2002,"中正紀念堂",13105440
2003,"中正紀念堂",12628525
2004,"中正紀念堂",13786986
2005,"中正紀念堂",13226280
2006,"中正紀念堂",14086263
2007,"中正紀念堂",14324265
2008,"中正紀念堂",16027338
2009,"中正紀念堂",15675032
2010,"中正紀念堂",16309048
2011,"中正紀念堂",17523903
2012,"中正紀念堂",17455705
2013,"中正紀念堂",17192657
2014,"中正紀念堂",19069944
2015,"中正紀念堂",19855647
2016,"中正紀念堂",21213148
2017,"中正紀念堂",20975587
2018,"中正紀念堂",21034740
2019,"中正紀念堂",21480943
2020,"中正紀念堂",16389768
2021,"中正紀念堂",12078053
1996,"中和",NA
1997,"中和",NA
1998,"中和",NA
1999,"中和",NA
2000,"中和",NA
2001,"中和",NA
2002,"中和",NA
2003,"中和",NA
2004,"中和",NA
2005,"中和",NA
2006,"中和",NA
2007,"中和",NA
2008,"中和",NA
2009,"中和",NA
2010,"中和",NA
2011,"中和",NA
2012,"中和",NA
2013,"中和",NA
2014,"中和",NA
2015,"中和",NA
2016,"中和",NA
2017,"中和",NA
2018,"中和",NA
2019,"中和",NA
2020,"中和",2879777
2021,"中和",2557602
1996,"中原",NA
1997,"中原",NA
1998,"中原",NA
1999,"中原",NA
2000,"中原",NA
2001,"中原",NA
2002,"中原",NA
2003,"中原",NA
2004,"中原",NA
2005,"中原",NA
2006,"中原",NA
2007,"中原",NA
2008,"中原",NA
2009,"中原",NA
2010,"中原",NA
2011,"中原",NA
2012,"中原",NA
2013,"中原",NA
2014,"中原",NA
2015,"中原",NA
2016,"中原",NA
2017,"中原",NA
2018,"中原",NA
2019,"中原",NA
2020,"中原",1509226
2021,"中原",1599950
1996,"丹鳳",NA
1997,"丹鳳",NA
1998,"丹鳳",NA
1999,"丹鳳",NA
2000,"丹鳳",NA
2001,"丹鳳",NA
2002,"丹鳳",NA
2003,"丹鳳",NA
2004,"丹鳳",NA
2005,"丹鳳",NA
2006,"丹鳳",NA
2007,"丹鳳",NA
2008,"丹鳳",NA
2009,"丹鳳",NA
2010,"丹鳳",NA
2011,"丹鳳",NA
2012,"丹鳳",NA
2013,"丹鳳",2145661
2014,"丹鳳",4998240
2015,"丹鳳",5605705
2016,"丹鳳",6033007
2017,"丹鳳",6105407
2018,"丹鳳",6363653
2019,"丹鳳",6692217
2020,"丹鳳",6424505
2021,"丹鳳",5143030
1996,"內湖",NA
1997,"內湖",NA
1998,"內湖",NA
1999,"內湖",NA
2000,"內湖",NA
2001,"內湖",NA
2002,"內湖",NA
2003,"內湖",NA
2004,"內湖",NA
2005,"內湖",NA
2006,"內湖",NA
2007,"內湖",NA
2008,"內湖",NA
2009,"內湖",1821848
2010,"內湖",4356126
2011,"內湖",5169990
2012,"內湖",5108280
2013,"內湖",5045725
2014,"內湖",5283812
2015,"內湖",5599426
2016,"內湖",5705275
2017,"內湖",5755377
2018,"內湖",6260454
2019,"內湖",6613583
2020,"內湖",6177595
2021,"內湖",4937447
1996,"公館",NA
1997,"公館",NA
1998,"公館",NA
1999,"公館",1531410
2000,"公館",13518445
2001,"公館",14418295
2002,"公館",15611835
2003,"公館",15208526
2004,"公館",16788745
2005,"公館",17198544
2006,"公館",17537885
2007,"公館",18135800
2008,"公館",19700781
2009,"公館",19859326
2010,"公館",20063755
2011,"公館",20793752
2012,"公館",20924058
2013,"公館",21145462
2014,"公館",21239864
2015,"公館",21236946
2016,"公館",21554007
2017,"公館",21544807
2018,"公館",21459407
2019,"公館",21644441
2020,"公館",18333123
2021,"公館",13494513
1996,"六張犁",1699235
1997,"六張犁",2508937
1998,"六張犁",2985552
1999,"六張犁",3464708
2000,"六張犁",5379635
2001,"六張犁",5501171
2002,"六張犁",5779191
2003,"六張犁",5322654
2004,"六張犁",5590837
2005,"六張犁",5650659
2006,"六張犁",5719336
2007,"六張犁",5965955
2008,"六張犁",6119949
2009,"六張犁",6068550
2010,"六張犁",7001740
2011,"六張犁",7613537
2012,"六張犁",7826322
2013,"六張犁",7822522
2014,"六張犁",7675627
2015,"六張犁",7703565
2016,"六張犁",7804355
2017,"六張犁",7816786
2018,"六張犁",7957752
2019,"六張犁",8105933
2020,"六張犁",7362614
2021,"六張犁",5664290
1996,"文德",NA
1997,"文德",NA
1998,"文德",NA
1999,"文德",NA
2000,"文德",NA
2001,"文德",NA
2002,"文德",NA
2003,"文德",NA
2004,"文德",NA
2005,"文德",NA
2006,"文德",NA
2007,"文德",NA
2008,"文德",NA
2009,"文德",1022278
2010,"文德",2484212
2011,"文德",3015342
2012,"文德",3211530
2013,"文德",3303898
2014,"文德",3499273
2015,"文德",3659624
2016,"文德",3708005
2017,"文德",3724678
2018,"文德",3794278
2019,"文德",3877131
2020,"文德",3571145
2021,"文德",2793018
1996,"木柵",848323
1997,"木柵",1322629
1998,"木柵",1716938
1999,"木柵",2064520
2000,"木柵",2948884
2001,"木柵",3027130
2002,"木柵",3096152
2003,"木柵",2867494
2004,"木柵",2943033
2005,"木柵",2783847
2006,"木柵",2560875
2007,"木柵",2578415
2008,"木柵",2649528
2009,"木柵",2519729
2010,"木柵",2739411
2011,"木柵",2881417
2012,"木柵",2946722
2013,"木柵",2897282
2014,"木柵",2953364
2015,"木柵",2964293
2016,"木柵",2917272
2017,"木柵",2927510
2018,"木柵",3007005
2019,"木柵",3066577
2020,"木柵",2813720
2021,"木柵",2239872
1996,"北投",NA
1997,"北投",1439918
1998,"北投",3914155
1999,"北投",5732976
2000,"北投",8192293
2001,"北投",8412829
2002,"北投",9076076
2003,"北投",8889711
2004,"北投",9700723
2005,"北投",9994298
2006,"北投",10434848
2007,"北投",10688941
2008,"北投",11052464
2009,"北投",11104092
2010,"北投",11268458
2011,"北投",11671767
2012,"北投",11954078
2013,"北投",12156457
2014,"北投",12485614
2015,"北投",12432037
2016,"北投",12431810
2017,"北投",12400454
2018,"北投",12735448
2019,"北投",13448518
2020,"北投",12164773
2021,"北投",9659519
1996,"北門",NA
1997,"北門",NA
1998,"北門",NA
1999,"北門",NA
2000,"北門",NA
2001,"北門",NA
2002,"北門",NA
2003,"北門",NA
2004,"北門",NA
2005,"北門",NA
2006,"北門",NA
2007,"北門",NA
2008,"北門",NA
2009,"北門",NA
2010,"北門",NA
2011,"北門",NA
2012,"北門",NA
2013,"北門",NA
2014,"北門",587714
2015,"北門",4314710
2016,"北門",5494391
2017,"北門",7427690
2018,"北門",8573927
2019,"北門",9771148
2020,"北門",7924793
2021,"北門",5885680
1996,"古亭",NA
1997,"古亭",NA
1998,"古亭",56081
1999,"古亭",10529530
2000,"古亭",14258991
2001,"古亭",14493911
2002,"古亭",15153533
2003,"古亭",14594115
2004,"古亭",16028055
2005,"古亭",16649802
2006,"古亭",16848415
2007,"古亭",17523147
2008,"古亭",18887778
2009,"古亭",19076675
2010,"古亭",19648564
2011,"古亭",20134508
2012,"古亭",20967571
2013,"古亭",22424428
2014,"古亭",22660819
2015,"古亭",22321361
2016,"古亭",22405038
2017,"古亭",21955531
2018,"古亭",22746642
2019,"古亭",23628648
2020,"古亭",21406012
2021,"古亭",16025539
1996,"台大醫院",NA
1997,"台大醫院",NA
1998,"台大醫院",41065
1999,"台大醫院",8011364
2000,"台大醫院",13516314
2001,"台大醫院",16328101
2002,"台大醫院",14609748
2003,"台大醫院",12847415
2004,"台大醫院",14525099
2005,"台大醫院",14779815
2006,"台大醫院",15183097
2007,"台大醫院",15095967
2008,"台大醫院",15976789
2009,"台大醫院",15826261
2010,"台大醫院",16324668
2011,"台大醫院",17146369
2012,"台大醫院",17213044
2013,"台大醫院",16334719
2014,"台大醫院",16686000
2015,"台大醫院",15598638
2016,"台大醫院",15977961
2017,"台大醫院",15793313
2018,"台大醫院",16184062
2019,"台大醫院",16690364
2020,"台大醫院",14220033
2021,"台大醫院",10660381
1996,"台北.世貿",NA
1997,"台北.世貿",NA
1998,"台北.世貿",NA
1999,"台北.世貿",NA
2000,"台北.世貿",NA
2001,"台北.世貿",NA
2002,"台北.世貿",NA
2003,"台北.世貿",NA
2004,"台北.世貿",NA
2005,"台北.世貿",NA
2006,"台北.世貿",NA
2007,"台北.世貿",NA
2008,"台北.世貿",NA
2009,"台北.世貿",NA
2010,"台北.世貿",NA
2011,"台北.世貿",NA
2012,"台北.世貿",NA
2013,"台北.世貿",2728874
2014,"台北.世貿",18517490
2015,"台北.世貿",21259071
2016,"台北.世貿",22752853
2017,"台北.世貿",23175071
2018,"台北.世貿",23322795
2019,"台北.世貿",25838957
2020,"台北.世貿",18521372
2021,"台北.世貿",13486147
1996,"台北小巨蛋",NA
1997,"台北小巨蛋",NA
1998,"台北小巨蛋",NA
1999,"台北小巨蛋",NA
2000,"台北小巨蛋",NA
2001,"台北小巨蛋",NA
2002,"台北小巨蛋",NA
2003,"台北小巨蛋",NA
2004,"台北小巨蛋",NA
2005,"台北小巨蛋",NA
2006,"台北小巨蛋",NA
2007,"台北小巨蛋",NA
2008,"台北小巨蛋",NA
2009,"台北小巨蛋",NA
2010,"台北小巨蛋",NA
2011,"台北小巨蛋",NA
2012,"台北小巨蛋",NA
2013,"台北小巨蛋",NA
2014,"台北小巨蛋",1952967
2015,"台北小巨蛋",13423372
2016,"台北小巨蛋",14893129
2017,"台北小巨蛋",15921293
2018,"台北小巨蛋",16390884
2019,"台北小巨蛋",16620159
2020,"台北小巨蛋",14586943
2021,"台北小巨蛋",10641312
1996,"台北車站",NA
1997,"台北車站",NA
1998,"台北車站",18837004
1999,"台北車站",35428173
2000,"台北車站",64031186
2001,"台北車站",NA
2002,"台北車站",NA
2003,"台北車站",NA
2004,"台北車站",71368615
2005,"台北車站",73966062
2006,"台北車站",76815050
2007,"台北車站",83862532
2008,"台北車站",93969676
2009,"台北車站",96300600
2010,"台北車站",105588730
2011,"台北車站",113478311
2012,"台北車站",114658638
2013,"台北車站",114065126
2014,"台北車站",116859279
2015,"台北車站",113043639
2016,"台北車站",114963752
2017,"台北車站",114987117
2018,"台北車站",115472612
2019,"台北車站",116615099
2020,"台北車站",92133314
2021,"台北車站",64593368
1996,"台北橋",NA
1997,"台北橋",NA
1998,"台北橋",NA
1999,"台北橋",NA
2000,"台北橋",NA
2001,"台北橋",NA
2002,"台北橋",NA
2003,"台北橋",NA
2004,"台北橋",NA
2005,"台北橋",NA
2006,"台北橋",NA
2007,"台北橋",NA
2008,"台北橋",NA
2009,"台北橋",NA
2010,"台北橋",NA
2011,"台北橋",NA
2012,"台北橋",4101207
2013,"台北橋",4785605
2014,"台北橋",5483275
2015,"台北橋",6028379
2016,"台北橋",6559648
2017,"台北橋",6821527
2018,"台北橋",6981089
2019,"台北橋",7166168
2020,"台北橋",6535386
2021,"台北橋",5194998
1996,"台電大樓",NA
1997,"台電大樓",NA
1998,"台電大樓",NA
1999,"台電大樓",596496
2000,"台電大樓",6236002
2001,"台電大樓",6441508
2002,"台電大樓",7276134
2003,"台電大樓",7024570
2004,"台電大樓",7789272
2005,"台電大樓",8105960
2006,"台電大樓",8579659
2007,"台電大樓",9037156
2008,"台電大樓",10207777
2009,"台電大樓",10614039
2010,"台電大樓",11802757
2011,"台電大樓",12886263
2012,"台電大樓",12216540
2013,"台電大樓",13010717
2014,"台電大樓",13771245
2015,"台電大樓",13728129
2016,"台電大樓",13665549
2017,"台電大樓",13440448
2018,"台電大樓",13361185
2019,"台電大樓",13343719
2020,"台電大樓",11582278
2021,"台電大樓",8578627
1996,"市政府",NA
1997,"市政府",NA
1998,"市政府",NA
1999,"市政府",319052
2000,"市政府",18141198
2001,"市政府",12233503
2002,"市政府",16607252
2003,"市政府",17580842
2004,"市政府",21854161
2005,"市政府",22675075
2006,"市政府",26544204
2007,"市政府",29009131
2008,"市政府",31826096
2009,"市政府",32245384
2010,"市政府",36009640
2011,"市政府",43101435
2012,"市政府",45723463
2013,"市政府",47641065
2014,"市政府",41195869
2015,"市政府",41725894
2016,"市政府",42808374
2017,"市政府",44212613
2018,"市政府",44874795
2019,"市政府",46416282
2020,"市政府",41853333
2021,"市政府",31356189
1996,"民權西路",NA
1997,"民權西路",NA
1998,"民權西路",NA
1999,"民權西路",NA
2000,"民權西路",NA
2001,"民權西路",NA
2002,"民權西路",NA
2003,"民權西路",NA
2004,"民權西路",NA
2005,"民權西路",NA
2006,"民權西路",NA
2007,"民權西路",NA
2008,"民權西路",NA
2009,"民權西路",NA
2010,"民權西路",21636307
2011,"民權西路",19591485
2012,"民權西路",18113959
2013,"民權西路",17479007
2014,"民權西路",17435792
2015,"民權西路",16666256
2016,"民權西路",16697879
2017,"民權西路",16505814
2018,"民權西路",16635025
2019,"民權西路",17058731
2020,"民權西路",14957736
2021,"民權西路",11416832
1996,"永安市場",NA
1997,"永安市場",NA
1998,"永安市場",NA
1999,"永安市場",4972565
2000,"永安市場",9285921
2001,"永安市場",9119866
2002,"永安市場",9829926
2003,"永安市場",9528911
2004,"永安市場",10589332
2005,"永安市場",10915032
2006,"永安市場",11438549
2007,"永安市場",11989907
2008,"永安市場",12915713
2009,"永安市場",12899076
2010,"永安市場",13443984
2011,"永安市場",14210289
2012,"永安市場",14871563
2013,"永安市場",16575585
2014,"永安市場",17516343
2015,"永安市場",17956333
2016,"永安市場",18518139
2017,"永安市場",18571391
2018,"永安市場",18913772
2019,"永安市場",19341087
2020,"永安市場",17213515
2021,"永安市場",13074862
1996,"永春",NA
1997,"永春",NA
1998,"永春",NA
1999,"永春",NA
2000,"永春",48356
2001,"永春",5922665
2002,"永春",8626035
2003,"永春",8800388
2004,"永春",9734347
2005,"永春",9767833
2006,"永春",10513788
2007,"永春",11238295
2008,"永春",11884397
2009,"永春",11829080
2010,"永春",12481958
2011,"永春",13612339
2012,"永春",14111863
2013,"永春",14231111
2014,"永春",13773804
2015,"永春",13341491
2016,"永春",13511128
2017,"永春",13477043
2018,"永春",13864306
2019,"永春",14182686
2020,"永春",13155306
2021,"永春",10214392
1996,"永寧",NA
1997,"永寧",NA
1998,"永寧",NA
1999,"永寧",NA
2000,"永寧",NA
2001,"永寧",NA
2002,"永寧",NA
2003,"永寧",NA
2004,"永寧",NA
2005,"永寧",NA
2006,"永寧",2846128
2007,"永寧",6296902
2008,"永寧",7947496
2009,"永寧",8505766
2010,"永寧",9722929
2011,"永寧",10692557
2012,"永寧",10809490
2013,"永寧",10415285
2014,"永寧",10418940
2015,"永寧",9877108
2016,"永寧",8306237
2017,"永寧",8666446
2018,"永寧",9274567
2019,"永寧",9870566
2020,"永寧",8651296
2021,"永寧",6598387
1996,"石牌",NA
1997,"石牌",1879796
1998,"石牌",5117105
1999,"石牌",8708451
2000,"石牌",13059338
2001,"石牌",13405228
2002,"石牌",14611212
2003,"石牌",13949202
2004,"石牌",15343776
2005,"石牌",15641462
2006,"石牌",15995222
2007,"石牌",16641172
2008,"石牌",17794356
2009,"石牌",17949428
2010,"石牌",18284383
2011,"石牌",19483528
2012,"石牌",20100119
2013,"石牌",20357873
2014,"石牌",20876554
2015,"石牌",21048111
2016,"石牌",21116445
2017,"石牌",21101475
2018,"石牌",21781701
2019,"石牌",22092332
2020,"石牌",19435768
2021,"石牌",15252571
1996,"先嗇宮",NA
1997,"先嗇宮",NA
1998,"先嗇宮",NA
1999,"先嗇宮",NA
2000,"先嗇宮",NA
2001,"先嗇宮",NA
2002,"先嗇宮",NA
2003,"先嗇宮",NA
2004,"先嗇宮",NA
2005,"先嗇宮",NA
2006,"先嗇宮",NA
2007,"先嗇宮",NA
2008,"先嗇宮",NA
2009,"先嗇宮",NA
2010,"先嗇宮",NA
2011,"先嗇宮",NA
2012,"先嗇宮",1778106
2013,"先嗇宮",2136687
2014,"先嗇宮",2432982
2015,"先嗇宮",2617559
2016,"先嗇宮",2764456
2017,"先嗇宮",2946903
2018,"先嗇宮",3107140
2019,"先嗇宮",3154293
2020,"先嗇宮",3037569
2021,"先嗇宮",2501654
1996,"江子翠",NA
1997,"江子翠",NA
1998,"江子翠",NA
1999,"江子翠",NA
2000,"江子翠",2448108
2001,"江子翠",7484474
2002,"江子翠",10029999
2003,"江子翠",9773378
2004,"江子翠",11012914
2005,"江子翠",11629541
2006,"江子翠",12236981
2007,"江子翠",13018786
2008,"江子翠",14190025
2009,"江子翠",14327441
2010,"江子翠",15163726
2011,"江子翠",15969391
2012,"江子翠",16292367
2013,"江子翠",16379522
2014,"江子翠",16437564
2015,"江子翠",17119536
2016,"江子翠",17702688
2017,"江子翠",17819999
2018,"江子翠",18238022
2019,"江子翠",18442281
2020,"江子翠",16944237
2021,"江子翠",13274835
1996,"竹圍",NA
1997,"竹圍",1118878
1998,"竹圍",2451395
1999,"竹圍",3944804
2000,"竹圍",4986662
2001,"竹圍",5039151
2002,"竹圍",5148107
2003,"竹圍",4834595
2004,"竹圍",5287289
2005,"竹圍",5362605
2006,"竹圍",5544242
2007,"竹圍",5906934
2008,"竹圍",6297454
2009,"竹圍",6483652
2010,"竹圍",6631181
2011,"竹圍",6769261
2012,"竹圍",6958956
2013,"竹圍",7048937
2014,"竹圍",6974942
2015,"竹圍",6886949
2016,"竹圍",6821573
2017,"竹圍",6673876
2018,"竹圍",6765713
2019,"竹圍",6866426
2020,"竹圍",6165351
2021,"竹圍",4997609
1996,"行天宮",NA
1997,"行天宮",NA
1998,"行天宮",NA
1999,"行天宮",NA
2000,"行天宮",NA
2001,"行天宮",NA
2002,"行天宮",NA
2003,"行天宮",NA
2004,"行天宮",NA
2005,"行天宮",NA
2006,"行天宮",NA
2007,"行天宮",NA
2008,"行天宮",NA
2009,"行天宮",NA
2010,"行天宮",1519433
2011,"行天宮",8587226
2012,"行天宮",11935039
2013,"行天宮",15356262
2014,"行天宮",17133387
2015,"行天宮",17715332
2016,"行天宮",18757777
2017,"行天宮",19060510
2018,"行天宮",19632815
2019,"行天宮",20442689
2020,"行天宮",18089942
2021,"行天宮",13795308
1996,"西門",NA
1997,"西門",NA
1998,"西門",NA
1999,"西門",329034
2000,"西門",21262531
2001,"西門",24027033
2002,"西門",27979156
2003,"西門",26201962
2004,"西門",29265860
2005,"西門",30559507
2006,"西門",31991406
2007,"西門",34487407
2008,"西門",37107798
2009,"西門",37771706
2010,"西門",40062200
2011,"西門",42980398
2012,"西門",41935000
2013,"西門",43467972
2014,"西門",47101896
2015,"西門",51597391
2016,"西門",52762047
2017,"西門",53923842
2018,"西門",54509981
2019,"西門",56319229
2020,"西門",41452742
2021,"西門",30611950
1996,"西湖",NA
1997,"西湖",NA
1998,"西湖",NA
1999,"西湖",NA
2000,"西湖",NA
2001,"西湖",NA
2002,"西湖",NA
2003,"西湖",NA
2004,"西湖",NA
2005,"西湖",NA
2006,"西湖",NA
2007,"西湖",NA
2008,"西湖",NA
2009,"西湖",1989605
2010,"西湖",5271375
2011,"西湖",6779352
2012,"西湖",7561872
2013,"西湖",8174277
2014,"西湖",9160671
2015,"西湖",9871051
2016,"西湖",10254569
2017,"西湖",10339405
2018,"西湖",10727503
2019,"西湖",10835031
2020,"西湖",10215791
2021,"西湖",7702861
1996,"秀朗橋",NA
1997,"秀朗橋",NA
1998,"秀朗橋",NA
1999,"秀朗橋",NA
2000,"秀朗橋",NA
2001,"秀朗橋",NA
2002,"秀朗橋",NA
2003,"秀朗橋",NA
2004,"秀朗橋",NA
2005,"秀朗橋",NA
2006,"秀朗橋",NA
2007,"秀朗橋",NA
2008,"秀朗橋",NA
2009,"秀朗橋",NA
2010,"秀朗橋",NA
2011,"秀朗橋",NA
2012,"秀朗橋",NA
2013,"秀朗橋",NA
2014,"秀朗橋",NA
2015,"秀朗橋",NA
2016,"秀朗橋",NA
2017,"秀朗橋",NA
2018,"秀朗橋",NA
2019,"秀朗橋",NA
2020,"秀朗橋",1527345
2021,"秀朗橋",1323303
1996,"辛亥",658926
1997,"辛亥",999888
1998,"辛亥",1173630
1999,"辛亥",1356080
2000,"辛亥",1711554
2001,"辛亥",1736120
2002,"辛亥",1741919
2003,"辛亥",1608222
2004,"辛亥",1689893
2005,"辛亥",1635611
2006,"辛亥",1641700
2007,"辛亥",1682199
2008,"辛亥",1713864
2009,"辛亥",1629533
2010,"辛亥",1881665
2011,"辛亥",2035944
2012,"辛亥",2064040
2013,"辛亥",2078044
2014,"辛亥",2140590
2015,"辛亥",2152527
2016,"辛亥",2102638
2017,"辛亥",2121093
2018,"辛亥",2164324
2019,"辛亥",2200988
2020,"辛亥",2080333
2021,"辛亥",1700792
1996,"亞東醫院",NA
1997,"亞東醫院",NA
1998,"亞東醫院",NA
1999,"亞東醫院",NA
2000,"亞東醫院",NA
2001,"亞東醫院",NA
2002,"亞東醫院",NA
2003,"亞東醫院",NA
2004,"亞東醫院",NA
2005,"亞東醫院",NA
2006,"亞東醫院",3409042
2007,"亞東醫院",6883600
2008,"亞東醫院",8006586
2009,"亞東醫院",8205150
2010,"亞東醫院",8648743
2011,"亞東醫院",9382068
2012,"亞東醫院",10046874
2013,"亞東醫院",10730409
2014,"亞東醫院",11357712
2015,"亞東醫院",12585758
2016,"亞東醫院",13407678
2017,"亞東醫院",14052538
2018,"亞東醫院",15510366
2019,"亞東醫院",16838982
2020,"亞東醫院",15253330
2021,"亞東醫院",12069261
1996,"奇岩",NA
1997,"奇岩",576454
1998,"奇岩",1564570
1999,"奇岩",2469285
2000,"奇岩",3319788
2001,"奇岩",3499504
2002,"奇岩",3733019
2003,"奇岩",3644750
2004,"奇岩",3946379
2005,"奇岩",3970099
2006,"奇岩",4133262
2007,"奇岩",4330755
2008,"奇岩",4535023
2009,"奇岩",4445808
2010,"奇岩",4588370
2011,"奇岩",4822191
2012,"奇岩",4971711
2013,"奇岩",5056977
2014,"奇岩",5237330
2015,"奇岩",5412249
2016,"奇岩",5842438
2017,"奇岩",6034458
2018,"奇岩",6203967
2019,"奇岩",6176982
2020,"奇岩",5305934
2021,"奇岩",4344759
1996,"幸福",NA
1997,"幸福",NA
1998,"幸福",NA
1999,"幸福",NA
2000,"幸福",NA
2001,"幸福",NA
2002,"幸福",NA
2003,"幸福",NA
2004,"幸福",NA
2005,"幸福",NA
2006,"幸福",NA
2007,"幸福",NA
2008,"幸福",NA
2009,"幸福",NA
2010,"幸福",NA
2011,"幸福",NA
2012,"幸福",NA
2013,"幸福",NA
2014,"幸福",NA
2015,"幸福",NA
2016,"幸福",NA
2017,"幸福",NA
2018,"幸福",NA
2019,"幸福",NA
2020,"幸福",2133693
2021,"幸福",1966254
1996,"府中",NA
1997,"府中",NA
1998,"府中",NA
1999,"府中",NA
2000,"府中",NA
2001,"府中",NA
2002,"府中",NA
2003,"府中",NA
2004,"府中",NA
2005,"府中",NA
2006,"府中",7115973
2007,"府中",13958158
2008,"府中",16255481
2009,"府中",17032455
2010,"府中",17649013
2011,"府中",18159097
2012,"府中",18257651
2013,"府中",18601260
2014,"府中",19220784
2015,"府中",19821070
2016,"府中",20281486
2017,"府中",20609805
2018,"府中",21292608
2019,"府中",22105604
2020,"府中",19848752
2021,"府中",14652382
1996,"忠孝復興",NA
1997,"忠孝復興",NA
1998,"忠孝復興",NA
1999,"忠孝復興",6025185
2000,"忠孝復興",16665376
2001,"忠孝復興",19778256
2002,"忠孝復興",23100189
2003,"忠孝復興",21029925
2004,"忠孝復興",23098612
2005,"忠孝復興",24151941
2006,"忠孝復興",24581578
2007,"忠孝復興",28927753
2008,"忠孝復興",30881896
2009,"忠孝復興",32252183
2010,"忠孝復興",34396010
2011,"忠孝復興",37358185
2012,"忠孝復興",37750792
2013,"忠孝復興",38389165
2014,"忠孝復興",38106868
2015,"忠孝復興",36648470
2016,"忠孝復興",36939772
2017,"忠孝復興",35767617
2018,"忠孝復興",35591857
2019,"忠孝復興",35174918
2020,"忠孝復興",29605594
2021,"忠孝復興",22203318
1996,"忠孝敦化",NA
1997,"忠孝敦化",NA
1998,"忠孝敦化",NA
1999,"忠孝敦化",189143
2000,"忠孝敦化",13168053
2001,"忠孝敦化",13530623
2002,"忠孝敦化",16156985
2003,"忠孝敦化",15818334
2004,"忠孝敦化",17516538
2005,"忠孝敦化",18395291
2006,"忠孝敦化",19443865
2007,"忠孝敦化",20667793
2008,"忠孝敦化",22471755
2009,"忠孝敦化",22667330
2010,"忠孝敦化",23979842
2011,"忠孝敦化",26897284
2012,"忠孝敦化",28971802
2013,"忠孝敦化",29524005
2014,"忠孝敦化",29046742
2015,"忠孝敦化",28013258
2016,"忠孝敦化",28282547
2017,"忠孝敦化",27499497
2018,"忠孝敦化",26910260
2019,"忠孝敦化",26076050
2020,"忠孝敦化",22800593
2021,"忠孝敦化",16630329
1996,"忠孝新生",NA
1997,"忠孝新生",NA
1998,"忠孝新生",NA
1999,"忠孝新生",NA
2000,"忠孝新生",NA
2001,"忠孝新生",NA
2002,"忠孝新生",NA
2003,"忠孝新生",NA
2004,"忠孝新生",NA
2005,"忠孝新生",NA
2006,"忠孝新生",NA
2007,"忠孝新生",NA
2008,"忠孝新生",NA
2009,"忠孝新生",NA
2010,"忠孝新生",15524839
2011,"忠孝新生",17025482
2012,"忠孝新生",19425197
2013,"忠孝新生",21052362
2014,"忠孝新生",21509941
2015,"忠孝新生",22120673
2016,"忠孝新生",24025563
2017,"忠孝新生",22996562
2018,"忠孝新生",23667848
2019,"忠孝新生",24780444
2020,"忠孝新生",20818672
2021,"忠孝新生",15851960
1996,"忠義",NA
1997,"忠義",325677
1998,"忠義",853088
1999,"忠義",1338468
2000,"忠義",1697825
2001,"忠義",1865790
2002,"忠義",1893580
2003,"忠義",1800051
2004,"忠義",1840252
2005,"忠義",1779506
2006,"忠義",1783969
2007,"忠義",1815564
2008,"忠義",1952252
2009,"忠義",2006883
2010,"忠義",2058301
2011,"忠義",2103365
2012,"忠義",2046906
2013,"忠義",1990754
2014,"忠義",1925387
2015,"忠義",1885472
2016,"忠義",1893662
2017,"忠義",1922630
2018,"忠義",2058786
2019,"忠義",2247929
2020,"忠義",2043067
2021,"忠義",1655612
1996,"昆陽",NA
1997,"昆陽",NA
1998,"昆陽",NA
1999,"昆陽",NA
2000,"昆陽",55120
2001,"昆陽",7824216
2002,"昆陽",11411031
2003,"昆陽",12989491
2004,"昆陽",16130277
2005,"昆陽",16835535
2006,"昆陽",17990481
2007,"昆陽",19385456
2008,"昆陽",20645152
2009,"昆陽",15383427
2010,"昆陽",14069362
2011,"昆陽",11975169
2012,"昆陽",10995916
2013,"昆陽",10583106
2014,"昆陽",10616274
2015,"昆陽",10007943
2016,"昆陽",9778807
2017,"昆陽",9541564
2018,"昆陽",9707635
2019,"昆陽",9780473
2020,"昆陽",9303413
2021,"昆陽",7191214
1996,"明德",NA
1997,"明德",1152269
1998,"明德",2933978
1999,"明德",4637253
2000,"明德",6387078
2001,"明德",6518846
2002,"明德",6966740
2003,"明德",6707529
2004,"明德",7285057
2005,"明德",7439072
2006,"明德",7553763
2007,"明德",7722033
2008,"明德",8161959
2009,"明德",8259311
2010,"明德",8308017
2011,"明德",8131244
2012,"明德",8307985
2013,"明德",8373124
2014,"明德",8491698
2015,"明德",8428437
2016,"明德",8459042
2017,"明德",8510634
2018,"明德",8666670
2019,"明德",8798064
2020,"明德",8050947
2021,"明德",6359783
1996,"東門",NA
1997,"東門",NA
1998,"東門",NA
1999,"東門",NA
2000,"東門",NA
2001,"東門",NA
2002,"東門",NA
2003,"東門",NA
2004,"東門",NA
2005,"東門",NA
2006,"東門",NA
2007,"東門",NA
2008,"東門",NA
2009,"東門",NA
2010,"東門",NA
2011,"東門",NA
2012,"東門",2982331
2013,"東門",13227925
2014,"東門",15390139
2015,"東門",16508693
2016,"東門",17726057
2017,"東門",17756261
2018,"東門",18169917
2019,"東門",19102419
2020,"東門",15638764
2021,"東門",11495749
1996,"東湖",NA
1997,"東湖",NA
1998,"東湖",NA
1999,"東湖",NA
2000,"東湖",NA
2001,"東湖",NA
2002,"東湖",NA
2003,"東湖",NA
2004,"東湖",NA
2005,"東湖",NA
2006,"東湖",NA
2007,"東湖",NA
2008,"東湖",NA
2009,"東湖",1106341
2010,"東湖",2686224
2011,"東湖",4313831
2012,"東湖",4991059
2013,"東湖",5227042
2014,"東湖",5498145
2015,"東湖",5666849
2016,"東湖",5667126
2017,"東湖",5646640
2018,"東湖",5791260
2019,"東湖",5981590
2020,"東湖",5408639
2021,"東湖",4296922
1996,"松山",NA
1997,"松山",NA
1998,"松山",NA
1999,"松山",NA
2000,"松山",NA
2001,"松山",NA
2002,"松山",NA
2003,"松山",NA
2004,"松山",NA
2005,"松山",NA
2006,"松山",NA
2007,"松山",NA
2008,"松山",NA
2009,"松山",NA
2010,"松山",NA
2011,"松山",NA
2012,"松山",NA
2013,"松山",NA
2014,"松山",2489594
2015,"松山",13288897
2016,"松山",15123146
2017,"松山",16329885
2018,"松山",17185181
2019,"松山",17729562
2020,"松山",14863037
2021,"松山",11347864
1996,"松山機場",NA
1997,"松山機場",NA
1998,"松山機場",NA
1999,"松山機場",NA
2000,"松山機場",NA
2001,"松山機場",NA
2002,"松山機場",NA
2003,"松山機場",NA
2004,"松山機場",NA
2005,"松山機場",NA
2006,"松山機場",NA
2007,"松山機場",NA
2008,"松山機場",NA
2009,"松山機場",776486
2010,"松山機場",2128633
2011,"松山機場",3044293
2012,"松山機場",3305661
2013,"松山機場",3562618
2014,"松山機場",3814415
2015,"松山機場",3993840
2016,"松山機場",4184272
2017,"松山機場",4038041
2018,"松山機場",4067051
2019,"松山機場",4178261
2020,"松山機場",2891384
2021,"松山機場",1938249
1996,"松江南京",NA
1997,"松江南京",NA
1998,"松江南京",NA
1999,"松江南京",NA
2000,"松江南京",NA
2001,"松江南京",NA
2002,"松江南京",NA
2003,"松江南京",NA
2004,"松江南京",NA
2005,"松江南京",NA
2006,"松江南京",NA
2007,"松江南京",NA
2008,"松江南京",NA
2009,"松江南京",NA
2010,"松江南京",NA
2011,"松江南京",NA
2012,"松江南京",NA
2013,"松江南京",NA
2014,"松江南京",21343966
2015,"松江南京",22673756
2016,"松江南京",23807656
2017,"松江南京",24319590
2018,"松江南京",24890423
2019,"松江南京",26012775
2020,"松江南京",22669471
2021,"松江南京",17452024
1996,"板新",NA
1997,"板新",NA
1998,"板新",NA
1999,"板新",NA
2000,"板新",NA
2001,"板新",NA
2002,"板新",NA
2003,"板新",NA
2004,"板新",NA
2005,"板新",NA
2006,"板新",NA
2007,"板新",NA
2008,"板新",NA
2009,"板新",NA
2010,"板新",NA
2011,"板新",NA
2012,"板新",NA
2013,"板新",NA
2014,"板新",NA
2015,"板新",NA
2016,"板新",NA
2017,"板新",NA
2018,"板新",NA
2019,"板新",NA
2020,"板新",1537589
2021,"板新",1436318
1996,"板橋",NA
1997,"板橋",NA
1998,"板橋",NA
1999,"板橋",NA
2000,"板橋",NA
2001,"板橋",NA
2002,"板橋",NA
2003,"板橋",NA
2004,"板橋",NA
2005,"板橋",NA
2006,"板橋",5350725
2007,"板橋",12617906
2008,"板橋",14549348
2009,"板橋",15917832
2010,"板橋",18720806
2011,"板橋",21659423
2012,"板橋",24531203
2013,"板橋",25419795
2014,"板橋",26390041
2015,"板橋",27955680
2016,"板橋",29292194
2017,"板橋",29959004
2018,"板橋",31122283
2019,"板橋",32077912
2020,"板橋",27548417
2021,"板橋",19874634
1996,"板橋Y",NA
1997,"板橋Y",NA
1998,"板橋Y",NA
1999,"板橋Y",NA
2000,"板橋Y",NA
2001,"板橋Y",NA
2002,"板橋Y",NA
2003,"板橋Y",NA
2004,"板橋Y",NA
2005,"板橋Y",NA
2006,"板橋Y",NA
2007,"板橋Y",NA
2008,"板橋Y",NA
2009,"板橋Y",NA
2010,"板橋Y",NA
2011,"板橋Y",NA
2012,"板橋Y",NA
2013,"板橋Y",NA
2014,"板橋Y",NA
2015,"板橋Y",NA
2016,"板橋Y",NA
2017,"板橋Y",NA
2018,"板橋Y",NA
2019,"板橋Y",NA
2020,"板橋Y",5311774
2021,"板橋Y",4395010
1996,"芝山",NA
1997,"芝山",1333679
1998,"芝山",3351847
1999,"芝山",5898804
2000,"芝山",8925454
2001,"芝山",8832085
2002,"芝山",9232125
2003,"芝山",8772770
2004,"芝山",9427197
2005,"芝山",9820957
2006,"芝山",9808471
2007,"芝山",10098106
2008,"芝山",10535677
2009,"芝山",12216344
2010,"芝山",12670741
2011,"芝山",14236009
2012,"芝山",15153132
2013,"芝山",15449613
2014,"芝山",16408737
2015,"芝山",16761133
2016,"芝山",16549311
2017,"芝山",16504785
2018,"芝山",16907764
2019,"芝山",17121563
2020,"芝山",15294496
2021,"芝山",12086838
1996,"信義安和",NA
1997,"信義安和",NA
1998,"信義安和",NA
1999,"信義安和",NA
2000,"信義安和",NA
2001,"信義安和",NA
2002,"信義安和",NA
2003,"信義安和",NA
2004,"信義安和",NA
2005,"信義安和",NA
2006,"信義安和",NA
2007,"信義安和",NA
2008,"信義安和",NA
2009,"信義安和",NA
2010,"信義安和",NA
2011,"信義安和",NA
2012,"信義安和",NA
2013,"信義安和",1235600
2014,"信義安和",9158501
2015,"信義安和",10657452
2016,"信義安和",11448934
2017,"信義安和",11799171
2018,"信義安和",12478099
2019,"信義安和",13076050
2020,"信義安和",11969245
2021,"信義安和",9401172
1996,"南京三民",NA
1997,"南京三民",NA
1998,"南京三民",NA
1999,"南京三民",NA
2000,"南京三民",NA
2001,"南京三民",NA
2002,"南京三民",NA
2003,"南京三民",NA
2004,"南京三民",NA
2005,"南京三民",NA
2006,"南京三民",NA
2007,"南京三民",NA
2008,"南京三民",NA
2009,"南京三民",NA
2010,"南京三民",NA
2011,"南京三民",NA
2012,"南京三民",NA
2013,"南京三民",NA
2014,"南京三民",1834945
2015,"南京三民",12832073
2016,"南京三民",14528120
2017,"南京三民",15510294
2018,"南京三民",16284779
2019,"南京三民",16776785
2020,"南京三民",14711444
2021,"南京三民",11355533
1996,"南京復興",NA
1997,"南京復興",NA
1998,"南京復興",NA
1999,"南京復興",NA
2000,"南京復興",NA
2001,"南京復興",NA
2002,"南京復興",NA
2003,"南京復興",NA
2004,"南京復興",NA
2005,"南京復興",NA
2006,"南京復興",NA
2007,"南京復興",NA
2008,"南京復興",NA
2009,"南京復興",NA
2010,"南京復興",NA
2011,"南京復興",NA
2012,"南京復興",NA
2013,"南京復興",NA
2014,"南京復興",16300213
2015,"南京復興",22223691
2016,"南京復興",24027550
2017,"南京復興",25203017
2018,"南京復興",26644018
2019,"南京復興",27564173
2020,"南京復興",25057092
2021,"南京復興",19106352
1996,"南港",NA
1997,"南港",NA
1998,"南港",NA
1999,"南港",NA
2000,"南港",NA
2001,"南港",NA
2002,"南港",NA
2003,"南港",NA
2004,"南港",NA
2005,"南港",NA
2006,"南港",NA
2007,"南港",NA
2008,"南港",112790
2009,"南港",5495503
2010,"南港",7379579
2011,"南港",5278798
2012,"南港",5443263
2013,"南港",6103204
2014,"南港",6646355
2015,"南港",7872375
2016,"南港",9848550
2017,"南港",11662693
2018,"南港",12573307
2019,"南港",13598843
2020,"南港",12864299
2021,"南港",10164857
1996,"南港展覽館",NA
1997,"南港展覽館",NA
1998,"南港展覽館",NA
1999,"南港展覽館",NA
2000,"南港展覽館",NA
2001,"南港展覽館",NA
2002,"南港展覽館",NA
2003,"南港展覽館",NA
2004,"南港展覽館",NA
2005,"南港展覽館",NA
2006,"南港展覽館",NA
2007,"南港展覽館",NA
2008,"南港展覽館",NA
2009,"南港展覽館",NA
2010,"南港展覽館",NA
2011,"南港展覽館",10762072
2012,"南港展覽館",14920858
2013,"南港展覽館",17440143
2014,"南港展覽館",20282674
2015,"南港展覽館",20049011
2016,"南港展覽館",19724237
2017,"南港展覽館",19557259
2018,"南港展覽館",20438479
2019,"南港展覽館",21420284
2020,"南港展覽館",19085643
2021,"南港展覽館",14546039
1996,"南港軟體園區",NA
1997,"南港軟體園區",NA
1998,"南港軟體園區",NA
1999,"南港軟體園區",NA
2000,"南港軟體園區",NA
2001,"南港軟體園區",NA
2002,"南港軟體園區",NA
2003,"南港軟體園區",NA
2004,"南港軟體園區",NA
2005,"南港軟體園區",NA
2006,"南港軟體園區",NA
2007,"南港軟體園區",NA
2008,"南港軟體園區",NA
2009,"南港軟體園區",135793
2010,"南港軟體園區",375901
2011,"南港軟體園區",620955
2012,"南港軟體園區",687176
2013,"南港軟體園區",789305
2014,"南港軟體園區",997331
2015,"南港軟體園區",2353719
2016,"南港軟體園區",2819087
2017,"南港軟體園區",3071389
2018,"南港軟體園區",3265061
2019,"南港軟體園區",3535927
2020,"南港軟體園區",3392423
2021,"南港軟體園區",2794793
1996,"南勢角",NA
1997,"南勢角",NA
1998,"南勢角",NA
1999,"南勢角",5764091
2000,"南勢角",9819787
2001,"南勢角",9585656
2002,"南勢角",10167719
2003,"南勢角",9821721
2004,"南勢角",10595484
2005,"南勢角",10701808
2006,"南勢角",11006819
2007,"南勢角",11301885
2008,"南勢角",11686646
2009,"南勢角",11374323
2010,"南勢角",11429660
2011,"南勢角",11835128
2012,"南勢角",12347870
2013,"南勢角",13381673
2014,"南勢角",13940246
2015,"南勢角",14349607
2016,"南勢角",14814363
2017,"南勢角",14886540
2018,"南勢角",15254165
2019,"南勢角",15694967
2020,"南勢角",13686153
2021,"南勢角",10623185
1996,"後山埤",NA
1997,"後山埤",NA
1998,"後山埤",NA
1999,"後山埤",NA
2000,"後山埤",38525
2001,"後山埤",4775766
2002,"後山埤",6787288
2003,"後山埤",7022531
2004,"後山埤",8071796
2005,"後山埤",8630722
2006,"後山埤",9638017
2007,"後山埤",10682520
2008,"後山埤",11625229
2009,"後山埤",11767045
2010,"後山埤",12360697
2011,"後山埤",13389912
2012,"後山埤",14008326
2013,"後山埤",14343149
2014,"後山埤",13937530
2015,"後山埤",12173526
2016,"後山埤",11856487
2017,"後山埤",11699979
2018,"後山埤",11828437
2019,"後山埤",12004956
2020,"後山埤",10806162
2021,"後山埤",8341571
1996,"科技大樓",1919034
1997,"科技大樓",2583374
1998,"科技大樓",2907704
1999,"科技大樓",3496676
2000,"科技大樓",5896857
2001,"科技大樓",6137016
2002,"科技大樓",6474161
2003,"科技大樓",6079582
2004,"科技大樓",6406636
2005,"科技大樓",6414969
2006,"科技大樓",6585753
2007,"科技大樓",6926327
2008,"科技大樓",7425770
2009,"科技大樓",7651727
2010,"科技大樓",8874678
2011,"科技大樓",9695685
2012,"科技大樓",9771204
2013,"科技大樓",9521363
2014,"科技大樓",9717514
2015,"科技大樓",9929756
2016,"科技大樓",10062270
2017,"科技大樓",9985076
2018,"科技大樓",10134602
2019,"科技大樓",10264512
2020,"科技大樓",9140345
2021,"科技大樓",6918025
1996,"紅樹林",NA
1997,"紅樹林",418099
1998,"紅樹林",1067127
1999,"紅樹林",1841176
2000,"紅樹林",2916709
2001,"紅樹林",3168754
2002,"紅樹林",3438472
2003,"紅樹林",3539315
2004,"紅樹林",3844957
2005,"紅樹林",3840167
2006,"紅樹林",3935445
2007,"紅樹林",3975291
2008,"紅樹林",4286645
2009,"紅樹林",4424917
2010,"紅樹林",4760356
2011,"紅樹林",5046011
2012,"紅樹林",5269167
2013,"紅樹林",5142127
2014,"紅樹林",5154591
2015,"紅樹林",5223414
2016,"紅樹林",4935446
2017,"紅樹林",4804523
2018,"紅樹林",5177421
2019,"紅樹林",7777655
2020,"紅樹林",7377469
2021,"紅樹林",6447587
1996,"徐匯中學",NA
1997,"徐匯中學",NA
1998,"徐匯中學",NA
1999,"徐匯中學",NA
2000,"徐匯中學",NA
2001,"徐匯中學",NA
2002,"徐匯中學",NA
2003,"徐匯中學",NA
2004,"徐匯中學",NA
2005,"徐匯中學",NA
2006,"徐匯中學",NA
2007,"徐匯中學",NA
2008,"徐匯中學",NA
2009,"徐匯中學",NA
2010,"徐匯中學",1095725
2011,"徐匯中學",5396754
2012,"徐匯中學",6737914
2013,"徐匯中學",7410450
2014,"徐匯中學",7964009
2015,"徐匯中學",8302395
2016,"徐匯中學",8466855
2017,"徐匯中學",8485971
2018,"徐匯中學",8625452
2019,"徐匯中學",8954423
2020,"徐匯中學",8206916
2021,"徐匯中學",6425924
1996,"海山",NA
1997,"海山",NA
1998,"海山",NA
1999,"海山",NA
2000,"海山",NA
2001,"海山",NA
2002,"海山",NA
2003,"海山",NA
2004,"海山",NA
2005,"海山",NA
2006,"海山",4553885
2007,"海山",8928374
2008,"海山",10428614
2009,"海山",10915714
2010,"海山",11705491
2011,"海山",12591781
2012,"海山",13019224
2013,"海山",13242000
2014,"海山",13553925
2015,"海山",13957427
2016,"海山",14435417
2017,"海山",14732169
2018,"海山",15208161
2019,"海山",15474871
2020,"海山",14432088
2021,"海山",11429681
1996,"迴龍",NA
1997,"迴龍",NA
1998,"迴龍",NA
1999,"迴龍",NA
2000,"迴龍",NA
2001,"迴龍",NA
2002,"迴龍",NA
2003,"迴龍",NA
2004,"迴龍",NA
2005,"迴龍",NA
2006,"迴龍",NA
2007,"迴龍",NA
2008,"迴龍",NA
2009,"迴龍",NA
2010,"迴龍",NA
2011,"迴龍",NA
2012,"迴龍",NA
2013,"迴龍",2307049
2014,"迴龍",5122143
2015,"迴龍",5809621
2016,"迴龍",6201040
2017,"迴龍",6515043
2018,"迴龍",6896492
2019,"迴龍",7187338
2020,"迴龍",6925121
2021,"迴龍",5611392
1996,"動物園",2365541
1997,"動物園",2289592
1998,"動物園",2402448
1999,"動物園",2982323
2000,"動物園",3972009
2001,"動物園",4057995
2002,"動物園",3995578
2003,"動物園",3500076
2004,"動物園",3575503
2005,"動物園",3433162
2006,"動物園",3548615
2007,"動物園",4621808
2008,"動物園",5240051
2009,"動物園",4035074
2010,"動物園",4737193
2011,"動物園",5355272
2012,"動物園",5365342
2013,"動物園",5621411
2014,"動物園",6596807
2015,"動物園",6011987
2016,"動物園",5861210
2017,"動物園",5664258
2018,"動物園",5754711
2019,"動物園",6021568
2020,"動物園",4054582
2021,"動物園",2941570
1996,"唭哩岸",NA
1997,"唭哩岸",855906
1998,"唭哩岸",1941919
1999,"唭哩岸",2839724
2000,"唭哩岸",3742666
2001,"唭哩岸",3674111
2002,"唭哩岸",3788538
2003,"唭哩岸",3675430
2004,"唭哩岸",3898822
2005,"唭哩岸",3998348
2006,"唭哩岸",4049414
2007,"唭哩岸",4071965
2008,"唭哩岸",4401281
2009,"唭哩岸",4379420
2010,"唭哩岸",4483795
2011,"唭哩岸",4693749
2012,"唭哩岸",4866639
2013,"唭哩岸",4933868
2014,"唭哩岸",5032418
2015,"唭哩岸",5117238
2016,"唭哩岸",5143384
2017,"唭哩岸",5165112
2018,"唭哩岸",5290344
2019,"唭哩岸",5169386
2020,"唭哩岸",4676516
2021,"唭哩岸",3817837
1996,"國父紀念館",NA
1997,"國父紀念館",NA
1998,"國父紀念館",NA
1999,"國父紀念館",136580
2000,"國父紀念館",7490101
2001,"國父紀念館",7321818
2002,"國父紀念館",9920447
2003,"國父紀念館",9332118
2004,"國父紀念館",10210316
2005,"國父紀念館",10614520
2006,"國父紀念館",11353980
2007,"國父紀念館",12281085
2008,"國父紀念館",13593834
2009,"國父紀念館",13668560
2010,"國父紀念館",14537214
2011,"國父紀念館",16187191
2012,"國父紀念館",17351473
2013,"國父紀念館",18118565
2014,"國父紀念館",17632760
2015,"國父紀念館",16053026
2016,"國父紀念館",15853436
2017,"國父紀念館",15753995
2018,"國父紀念館",16212306
2019,"國父紀念館",16761758
2020,"國父紀念館",13628289
2021,"國父紀念館",9966845
1996,"淡水",NA
1997,"淡水",NA
1998,"淡水",10033416
1999,"淡水",15478120
2000,"淡水",18981606
2001,"淡水",19365224
2002,"淡水",20053477
2003,"淡水",19653945
2004,"淡水",21152473
2005,"淡水",21635227
2006,"淡水",22757164
2007,"淡水",23445964
2008,"淡水",24765524
2009,"淡水",24566268
2010,"淡水",24969893
2011,"淡水",26563656
2012,"淡水",27884058
2013,"淡水",29034598
2014,"淡水",29183192
2015,"淡水",28849290
2016,"淡水",28794181
2017,"淡水",27914194
2018,"淡水",28301157
2019,"淡水",28043531
2020,"淡水",22549980
2021,"淡水",17659560
1996,"頂埔",NA
1997,"頂埔",NA
1998,"頂埔",NA
1999,"頂埔",NA
2000,"頂埔",NA
2001,"頂埔",NA
2002,"頂埔",NA
2003,"頂埔",NA
2004,"頂埔",NA
2005,"頂埔",NA
2006,"頂埔",NA
2007,"頂埔",NA
2008,"頂埔",NA
2009,"頂埔",NA
2010,"頂埔",NA
2011,"頂埔",NA
2012,"頂埔",NA
2013,"頂埔",NA
2014,"頂埔",NA
2015,"頂埔",2116417
2016,"頂埔",4872619
2017,"頂埔",5344705
2018,"頂埔",5779606
2019,"頂埔",6029516
2020,"頂埔",5957244
2021,"頂埔",4651222
1996,"頂溪",NA
1997,"頂溪",NA
1998,"頂溪",NA
1999,"頂溪",7290848
2000,"頂溪",14341724
2001,"頂溪",14520885
2002,"頂溪",15663862
2003,"頂溪",15504905
2004,"頂溪",17105234
2005,"頂溪",17451242
2006,"頂溪",17543107
2007,"頂溪",17952686
2008,"頂溪",18880743
2009,"頂溪",18372407
2010,"頂溪",18697794
2011,"頂溪",19504722
2012,"頂溪",20415641
2013,"頂溪",22743658
2014,"頂溪",23737388
2015,"頂溪",24481816
2016,"頂溪",25226635
2017,"頂溪",25486136
2018,"頂溪",25940945
2019,"頂溪",26529981
2020,"頂溪",23801743
2021,"頂溪",18105694
1996,"善導寺",NA
1997,"善導寺",NA
1998,"善導寺",NA
1999,"善導寺",78222
2000,"善導寺",5872655
2001,"善導寺",6092489
2002,"善導寺",7832000
2003,"善導寺",7926365
2004,"善導寺",8571576
2005,"善導寺",9033660
2006,"善導寺",10075877
2007,"善導寺",10901495
2008,"善導寺",11683821
2009,"善導寺",11856611
2010,"善導寺",12457748
2011,"善導寺",13220077
2012,"善導寺",13744690
2013,"善導寺",14070717
2014,"善導寺",14847576
2015,"善導寺",14472398
2016,"善導寺",14834653
2017,"善導寺",14841516
2018,"善導寺",15317754
2019,"善導寺",15895907
2020,"善導寺",13595294
2021,"善導寺",10229726
1996,"復興崗",NA
1997,"復興崗",457456
1998,"復興崗",1021125
1999,"復興崗",1468403
2000,"復興崗",1645332
2001,"復興崗",1558634
2002,"復興崗",1583333
2003,"復興崗",1548179
2004,"復興崗",1692266
2005,"復興崗",1741794
2006,"復興崗",1875780
2007,"復興崗",1969449
2008,"復興崗",2169397
2009,"復興崗",2176837
2010,"復興崗",2257688
2011,"復興崗",2326898
2012,"復興崗",2431343
2013,"復興崗",2454738
2014,"復興崗",2481147
2015,"復興崗",2470064
2016,"復興崗",2414473
2017,"復興崗",2448991
2018,"復興崗",2550874
2019,"復興崗",2620465
2020,"復興崗",2413851
2021,"復興崗",2017501
1996,"景平",NA
1997,"景平",NA
1998,"景平",NA
1999,"景平",NA
2000,"景平",NA
2001,"景平",NA
2002,"景平",NA
2003,"景平",NA
2004,"景平",NA
2005,"景平",NA
2006,"景平",NA
2007,"景平",NA
2008,"景平",NA
2009,"景平",NA
2010,"景平",NA
2011,"景平",NA
2012,"景平",NA
2013,"景平",NA
2014,"景平",NA
2015,"景平",NA
2016,"景平",NA
2017,"景平",NA
2018,"景平",NA
2019,"景平",NA
2020,"景平",2108443
2021,"景平",1935449
1996,"景安",NA
1997,"景安",NA
1998,"景安",NA
1999,"景安",4681937
2000,"景安",8585688
2001,"景安",8492351
2002,"景安",9283121
2003,"景安",9048485
2004,"景安",10276472
2005,"景安",10914889
2006,"景安",11156463
2007,"景安",11139844
2008,"景安",12001584
2009,"景安",12437774
2010,"景安",13345473
2011,"景安",14465026
2012,"景安",15025328
2013,"景安",16601030
2014,"景安",17356516
2015,"景安",17437490
2016,"景安",17387726
2017,"景安",17307849
2018,"景安",17725716
2019,"景安",18101775
2020,"景安",16120287
2021,"景安",12228110
1996,"景安Y",NA
1997,"景安Y",NA
1998,"景安Y",NA
1999,"景安Y",NA
2000,"景安Y",NA
2001,"景安Y",NA
2002,"景安Y",NA
2003,"景安Y",NA
2004,"景安Y",NA
2005,"景安Y",NA
2006,"景安Y",NA
2007,"景安Y",NA
2008,"景安Y",NA
2009,"景安Y",NA
2010,"景安Y",NA
2011,"景安Y",NA
2012,"景安Y",NA
2013,"景安Y",NA
2014,"景安Y",NA
2015,"景安Y",NA
2016,"景安Y",NA
2017,"景安Y",NA
2018,"景安Y",NA
2019,"景安Y",NA
2020,"景安Y",NA
2021,"景安Y",NA
1996,"景美",NA
1997,"景美",NA
1998,"景美",NA
1999,"景美",809124
2000,"景美",7343481
2001,"景美",7701299
2002,"景美",8413685
2003,"景美",8269535
2004,"景美",9116453
2005,"景美",9477112
2006,"景美",9684441
2007,"景美",9730952
2008,"景美",10140779
2009,"景美",10078148
2010,"景美",10181031
2011,"景美",10431502
2012,"景美",10527021
2013,"景美",10862248
2014,"景美",10995284
2015,"景美",11144170
2016,"景美",11450061
2017,"景美",11478010
2018,"景美",12060765
2019,"景美",12383881
2020,"景美",11186397
2021,"景美",8650879
1996,"港墘",NA
1997,"港墘",NA
1998,"港墘",NA
1999,"港墘",NA
2000,"港墘",NA
2001,"港墘",NA
2002,"港墘",NA
2003,"港墘",NA
2004,"港墘",NA
2005,"港墘",NA
2006,"港墘",NA
2007,"港墘",NA
2008,"港墘",NA
2009,"港墘",2096428
2010,"港墘",5439882
2011,"港墘",6827576
2012,"港墘",7480951
2013,"港墘",7897663
2014,"港墘",8419514
2015,"港墘",9043507
2016,"港墘",9285621
2017,"港墘",9491652
2018,"港墘",10223361
2019,"港墘",10644949
2020,"港墘",9983467
2021,"港墘",7934006
1996,"菜寮",NA
1997,"菜寮",NA
1998,"菜寮",NA
1999,"菜寮",NA
2000,"菜寮",NA
2001,"菜寮",NA
2002,"菜寮",NA
2003,"菜寮",NA
2004,"菜寮",NA
2005,"菜寮",NA
2006,"菜寮",NA
2007,"菜寮",NA
2008,"菜寮",NA
2009,"菜寮",NA
2010,"菜寮",NA
2011,"菜寮",NA
2012,"菜寮",3815975
2013,"菜寮",4767774
2014,"菜寮",5474879
2015,"菜寮",6016653
2016,"菜寮",6531208
2017,"菜寮",6699268
2018,"菜寮",6848214
2019,"菜寮",7099793
2020,"菜寮",6588024
2021,"菜寮",5267031
1996,"象山",NA
1997,"象山",NA
1998,"象山",NA
1999,"象山",NA
2000,"象山",NA
2001,"象山",NA
2002,"象山",NA
2003,"象山",NA
2004,"象山",NA
2005,"象山",NA
2006,"象山",NA
2007,"象山",NA
2008,"象山",NA
2009,"象山",NA
2010,"象山",NA
2011,"象山",NA
2012,"象山",NA
2013,"象山",1132205
2014,"象山",5574445
2015,"象山",6824100
2016,"象山",7307583
2017,"象山",7704324
2018,"象山",8601996
2019,"象山",9533208
2020,"象山",8813466
2021,"象山",6751091
1996,"圓山",NA
1997,"圓山",955162
1998,"圓山",2250209
1999,"圓山",4468542
2000,"圓山",8857950
2001,"圓山",9474008
2002,"圓山",10757983
2003,"圓山",11544087
2004,"圓山",13234079
2005,"圓山",13970439
2006,"圓山",14972097
2007,"圓山",15619783
2008,"圓山",17046555
2009,"圓山",15865797
2010,"圓山",15781807
2011,"圓山",20422853
2012,"圓山",15097839
2013,"圓山",17292819
2014,"圓山",18865985
2015,"圓山",19317071
2016,"圓山",19978617
2017,"圓山",19468316
2018,"圓山",20233693
2019,"圓山",21082491
2020,"圓山",18025405
2021,"圓山",14190342
1996,"新北投",NA
1997,"新北投",1056630
1998,"新北投",2119068
1999,"新北投",3198432
2000,"新北投",3060420
2001,"新北投",2690349
2002,"新北投",2622022
2003,"新北投",2392688
2004,"新北投",2330365
2005,"新北投",2313422
2006,"新北投",2264702
2007,"新北投",2555295
2008,"新北投",3388962
2009,"新北投",3523414
2010,"新北投",3775588
2011,"新北投",4195004
2012,"新北投",4552651
2013,"新北投",4710821
2014,"新北投",4908832
2015,"新北投",5063231
2016,"新北投",5512292
2017,"新北投",4793772
2018,"新北投",4595084
2019,"新北投",4727729
2020,"新北投",3611230
2021,"新北投",2769438
1996,"新北產業園區",NA
1997,"新北產業園區",NA
1998,"新北產業園區",NA
1999,"新北產業園區",NA
2000,"新北產業園區",NA
2001,"新北產業園區",NA
2002,"新北產業園區",NA
2003,"新北產業園區",NA
2004,"新北產業園區",NA
2005,"新北產業園區",NA
2006,"新北產業園區",NA
2007,"新北產業園區",NA
2008,"新北產業園區",NA
2009,"新北產業園區",NA
2010,"新北產業園區",NA
2011,"新北產業園區",NA
2012,"新北產業園區",NA
2013,"新北產業園區",NA
2014,"新北產業園區",NA
2015,"新北產業園區",NA
2016,"新北產業園區",NA
2017,"新北產業園區",NA
2018,"新北產業園區",NA
2019,"新北產業園區",NA
2020,"新北產業園區",2372640
2021,"新北產業園區",2211314
1996,"新店",NA
1997,"新店",NA
1998,"新店",NA
1999,"新店",673637
2000,"新店",4954176
2001,"新店",5393484
2002,"新店",5848283
2003,"新店",5677262
2004,"新店",6166296
2005,"新店",6100169
2006,"新店",6078187
2007,"新店",6184417
2008,"新店",6337695
2009,"新店",6681267
2010,"新店",6977054
2011,"新店",7120669
2012,"新店",7561764
2013,"新店",7782880
2014,"新店",8019167
2015,"新店",8186643
2016,"新店",8393035
2017,"新店",8580374
2018,"新店",8915312
2019,"新店",9259446
2020,"新店",8353914
2021,"新店",6727407
1996,"新店區公所",NA
1997,"新店區公所",NA
1998,"新店區公所",NA
1999,"新店區公所",571439
2000,"新店區公所",4949326
2001,"新店區公所",5079112
2002,"新店區公所",5512103
2003,"新店區公所",5339390
2004,"新店區公所",5731355
2005,"新店區公所",5973294
2006,"新店區公所",6168762
2007,"新店區公所",6262339
2008,"新店區公所",6563628
2009,"新店區公所",6547583
2010,"新店區公所",6736384
2011,"新店區公所",6984065
2012,"新店區公所",7121526
2013,"新店區公所",7355500
2014,"新店區公所",7611394
2015,"新店區公所",7915195
2016,"新店區公所",7896306
2017,"新店區公所",7753102
2018,"新店區公所",8003124
2019,"新店區公所",8357251
2020,"新店區公所",7795120
2021,"新店區公所",6449081
1996,"新埔",NA
1997,"新埔",NA
1998,"新埔",NA
1999,"新埔",NA
2000,"新埔",6213849
2001,"新埔",19922167
2002,"新埔",26126807
2003,"新埔",27205518
2004,"新埔",31211211
2005,"新埔",33340205
2006,"新埔",27884555
2007,"新埔",24520901
2008,"新埔",26501526
2009,"新埔",27042408
2010,"新埔",28425663
2011,"新埔",29762554
2012,"新埔",26979617
2013,"新埔",26767408
2014,"新埔",27079864
2015,"新埔",27683195
2016,"新埔",27948864
2017,"新埔",27523437
2018,"新埔",28420451
2019,"新埔",29322646
2020,"新埔",25898107
2021,"新埔",19655201
1996,"新埔民生",NA
1997,"新埔民生",NA
1998,"新埔民生",NA
1999,"新埔民生",NA
2000,"新埔民生",NA
2001,"新埔民生",NA
2002,"新埔民生",NA
2003,"新埔民生",NA
2004,"新埔民生",NA
2005,"新埔民生",NA
2006,"新埔民生",NA
2007,"新埔民生",NA
2008,"新埔民生",NA
2009,"新埔民生",NA
2010,"新埔民生",NA
2011,"新埔民生",NA
2012,"新埔民生",NA
2013,"新埔民生",NA
2014,"新埔民生",NA
2015,"新埔民生",NA
2016,"新埔民生",NA
2017,"新埔民生",NA
2018,"新埔民生",NA
2019,"新埔民生",NA
2020,"新埔民生",1526322
2021,"新埔民生",1197890
1996,"新莊",NA
1997,"新莊",NA
1998,"新莊",NA
1999,"新莊",NA
2000,"新莊",NA
2001,"新莊",NA
2002,"新莊",NA
2003,"新莊",NA
2004,"新莊",NA
2005,"新莊",NA
2006,"新莊",NA
2007,"新莊",NA
2008,"新莊",NA
2009,"新莊",NA
2010,"新莊",NA
2011,"新莊",NA
2012,"新莊",5469558
2013,"新莊",6185924
2014,"新莊",6985689
2015,"新莊",7669579
2016,"新莊",7891529
2017,"新莊",7749671
2018,"新莊",7832939
2019,"新莊",7889269
2020,"新莊",7155207
2021,"新莊",5662894
1996,"萬芳社區",537962
1997,"萬芳社區",795917
1998,"萬芳社區",903159
1999,"萬芳社區",1034257
2000,"萬芳社區",1399646
2001,"萬芳社區",1401204
2002,"萬芳社區",1406586
2003,"萬芳社區",1221262
2004,"萬芳社區",1261751
2005,"萬芳社區",1210886
2006,"萬芳社區",1211523
2007,"萬芳社區",1230771
2008,"萬芳社區",1231541
2009,"萬芳社區",1175836
2010,"萬芳社區",1313720
2011,"萬芳社區",1384220
2012,"萬芳社區",1372089
2013,"萬芳社區",1362587
2014,"萬芳社區",1431874
2015,"萬芳社區",1506521
2016,"萬芳社區",1537689
2017,"萬芳社區",1557310
2018,"萬芳社區",1624596
2019,"萬芳社區",1665245
2020,"萬芳社區",1523307
2021,"萬芳社區",1208447
1996,"萬芳醫院",1852593
1997,"萬芳醫院",3182852
1998,"萬芳醫院",4038292
1999,"萬芳醫院",4868835
2000,"萬芳醫院",6856570
2001,"萬芳醫院",7200102
2002,"萬芳醫院",7769931
2003,"萬芳醫院",7203331
2004,"萬芳醫院",7628529
2005,"萬芳醫院",7505409
2006,"萬芳醫院",7445552
2007,"萬芳醫院",7658330
2008,"萬芳醫院",7835711
2009,"萬芳醫院",7715593
2010,"萬芳醫院",8552053
2011,"萬芳醫院",9177797
2012,"萬芳醫院",9280851
2013,"萬芳醫院",9285283
2014,"萬芳醫院",9570577
2015,"萬芳醫院",9672537
2016,"萬芳醫院",9733538
2017,"萬芳醫院",9631150
2018,"萬芳醫院",9754242
2019,"萬芳醫院",9682654
2020,"萬芳醫院",8447629
2021,"萬芳醫院",6460678
1996,"萬隆",NA
1997,"萬隆",NA
1998,"萬隆",NA
1999,"萬隆",433150
2000,"萬隆",4007826
2001,"萬隆",4124886
2002,"萬隆",4375320
2003,"萬隆",4179076
2004,"萬隆",4536890
2005,"萬隆",4574128
2006,"萬隆",4632917
2007,"萬隆",4621262
2008,"萬隆",4888869
2009,"萬隆",4903094
2010,"萬隆",5060591
2011,"萬隆",5288934
2012,"萬隆",5491188
2013,"萬隆",5774367
2014,"萬隆",6041303
2015,"萬隆",6376564
2016,"萬隆",6582255
2017,"萬隆",6667846
2018,"萬隆",6949498
2019,"萬隆",7229179
2020,"萬隆",6730512
2021,"萬隆",5295848
1996,"葫洲",NA
1997,"葫洲",NA
1998,"葫洲",NA
1999,"葫洲",NA
2000,"葫洲",NA
2001,"葫洲",NA
2002,"葫洲",NA
2003,"葫洲",NA
2004,"葫洲",NA
2005,"葫洲",NA
2006,"葫洲",NA
2007,"葫洲",NA
2008,"葫洲",NA
2009,"葫洲",1402235
2010,"葫洲",3276136
2011,"葫洲",4291616
2012,"葫洲",4688944
2013,"葫洲",4938943
2014,"葫洲",5160974
2015,"葫洲",5422301
2016,"葫洲",5502769
2017,"葫洲",5490008
2018,"葫洲",5580218
2019,"葫洲",5829133
2020,"葫洲",5356955
2021,"葫洲",4123621
1996,"輔大",NA
1997,"輔大",NA
1998,"輔大",NA
1999,"輔大",NA
2000,"輔大",NA
2001,"輔大",NA
2002,"輔大",NA
2003,"輔大",NA
2004,"輔大",NA
2005,"輔大",NA
2006,"輔大",NA
2007,"輔大",NA
2008,"輔大",NA
2009,"輔大",NA
2010,"輔大",NA
2011,"輔大",NA
2012,"輔大",11116669
2013,"輔大",10095500
2014,"輔大",7776600
2015,"輔大",7777542
2016,"輔大",7792108
2017,"輔大",7639145
2018,"輔大",8001173
2019,"輔大",8159924
2020,"輔大",7789621
2021,"輔大",6022020
1996,"劍南路",NA
1997,"劍南路",NA
1998,"劍南路",NA
1999,"劍南路",NA
2000,"劍南路",NA
2001,"劍南路",NA
2002,"劍南路",NA
2003,"劍南路",NA
2004,"劍南路",NA
2005,"劍南路",NA
2006,"劍南路",NA
2007,"劍南路",NA
2008,"劍南路",NA
2009,"劍南路",2489962
2010,"劍南路",5720489
2011,"劍南路",7072750
2012,"劍南路",6861653
2013,"劍南路",7307442
2014,"劍南路",7625120
2015,"劍南路",7991889
2016,"劍南路",8256730
2017,"劍南路",8124211
2018,"劍南路",8173343
2019,"劍南路",8808457
2020,"劍南路",7347855
2021,"劍南路",5744022
1996,"劍潭",NA
1997,"劍潭",1595501
1998,"劍潭",3804434
1999,"劍潭",7974472
2000,"劍潭",14343664
2001,"劍潭",15835475
2002,"劍潭",18165696
2003,"劍潭",18733628
2004,"劍潭",21100679
2005,"劍潭",21661638
2006,"劍潭",22479885
2007,"劍潭",23552427
2008,"劍潭",24985587
2009,"劍潭",24962112
2010,"劍潭",25594729
2011,"劍潭",25753091
2012,"劍潭",25293275
2013,"劍潭",25386974
2014,"劍潭",26120781
2015,"劍潭",26412904
2016,"劍潭",26131949
2017,"劍潭",25423635
2018,"劍潭",24913171
2019,"劍潭",24641901
2020,"劍潭",18457170
2021,"劍潭",13245686
1996,"橋和",NA
1997,"橋和",NA
1998,"橋和",NA
1999,"橋和",NA
2000,"橋和",NA
2001,"橋和",NA
2002,"橋和",NA
2003,"橋和",NA
2004,"橋和",NA
2005,"橋和",NA
2006,"橋和",NA
2007,"橋和",NA
2008,"橋和",NA
2009,"橋和",NA
2010,"橋和",NA
2011,"橋和",NA
2012,"橋和",NA
2013,"橋和",NA
2014,"橋和",NA
2015,"橋和",NA
2016,"橋和",NA
2017,"橋和",NA
2018,"橋和",NA
2019,"橋和",NA
2020,"橋和",1087019
2021,"橋和",1132943
1996,"頭前庄",NA
1997,"頭前庄",NA
1998,"頭前庄",NA
1999,"頭前庄",NA
2000,"頭前庄",NA
2001,"頭前庄",NA
2002,"頭前庄",NA
2003,"頭前庄",NA
2004,"頭前庄",NA
2005,"頭前庄",NA
2006,"頭前庄",NA
2007,"頭前庄",NA
2008,"頭前庄",NA
2009,"頭前庄",NA
2010,"頭前庄",NA
2011,"頭前庄",NA
2012,"頭前庄",2548489
2013,"頭前庄",3168037
2014,"頭前庄",3385199
2015,"頭前庄",3297171
2016,"頭前庄",3367543
2017,"頭前庄",3280985
2018,"頭前庄",3413360
2019,"頭前庄",3685584
2020,"頭前庄",2696577
2021,"頭前庄",2075845
1996,"頭前庄Y",NA
1997,"頭前庄Y",NA
1998,"頭前庄Y",NA
1999,"頭前庄Y",NA
2000,"頭前庄Y",NA
2001,"頭前庄Y",NA
2002,"頭前庄Y",NA
2003,"頭前庄Y",NA
2004,"頭前庄Y",NA
2005,"頭前庄Y",NA
2006,"頭前庄Y",NA
2007,"頭前庄Y",NA
2008,"頭前庄Y",NA
2009,"頭前庄Y",NA
2010,"頭前庄Y",NA
2011,"頭前庄Y",NA
2012,"頭前庄Y",NA
2013,"頭前庄Y",NA
2014,"頭前庄Y",NA
2015,"頭前庄Y",NA
2016,"頭前庄Y",NA
2017,"頭前庄Y",NA
2018,"頭前庄Y",NA
2019,"頭前庄Y",NA
2020,"頭前庄Y",1230029
2021,"頭前庄Y",1042884
1996,"龍山寺",NA
1997,"龍山寺",NA
1998,"龍山寺",NA
1999,"龍山寺",248341
2000,"龍山寺",12130532
2001,"龍山寺",8918760
2002,"龍山寺",10304132
2003,"龍山寺",10015311
2004,"龍山寺",11385680
2005,"龍山寺",12556208
2006,"龍山寺",13474970
2007,"龍山寺",14490717
2008,"龍山寺",16067442
2009,"龍山寺",16351046
2010,"龍山寺",17473412
2011,"龍山寺",18216322
2012,"龍山寺",18687849
2013,"龍山寺",18800460
2014,"龍山寺",19037873
2015,"龍山寺",19669917
2016,"龍山寺",20400997
2017,"龍山寺",21081192
2018,"龍山寺",22069036
2019,"龍山寺",22946321
2020,"龍山寺",18471856
2021,"龍山寺",13114093
1996,"雙連",NA
1997,"雙連",884565
1998,"雙連",2190107
1999,"雙連",4958836
2000,"雙連",8881777
2001,"雙連",9334830
2002,"雙連",10557788
2003,"雙連",10244177
2004,"雙連",11736116
2005,"雙連",12179089
2006,"雙連",12969297
2007,"雙連",13788830
2008,"雙連",14856443
2009,"雙連",15019140
2010,"雙連",15313983
2011,"雙連",15477891
2012,"雙連",15857347
2013,"雙連",15580420
2014,"雙連",16001438
2015,"雙連",15567646
2016,"雙連",15610969
2017,"雙連",15755089
2018,"雙連",16104291
2019,"雙連",16670133
2020,"雙連",13610997
2021,"雙連",10168767
1996,"關渡",NA
1997,"關渡",774430
1998,"關渡",2359385
1999,"關渡",3713963
2000,"關渡",4639274
2001,"關渡",4871254
2002,"關渡",5478924
2003,"關渡",5776573
2004,"關渡",6534388
2005,"關渡",6954873
2006,"關渡",7212527
2007,"關渡",7547372
2008,"關渡",8123924
2009,"關渡",7726494
2010,"關渡",7775910
2011,"關渡",7787014
2012,"關渡",8098808
2013,"關渡",8507338
2014,"關渡",8572193
2015,"關渡",8497341
2016,"關渡",8568043
2017,"關渡",8477823
2018,"關渡",8615080
2019,"關渡",8733296
2020,"關渡",8242877
2021,"關渡",6645657
1996,"蘆洲",NA
1997,"蘆洲",NA
1998,"蘆洲",NA
1999,"蘆洲",NA
2000,"蘆洲",NA
2001,"蘆洲",NA
2002,"蘆洲",NA
2003,"蘆洲",NA
2004,"蘆洲",NA
2005,"蘆洲",NA
2006,"蘆洲",NA
2007,"蘆洲",NA
2008,"蘆洲",NA
2009,"蘆洲",NA
2010,"蘆洲",1359834
2011,"蘆洲",5588192
2012,"蘆洲",6581242
2013,"蘆洲",7093641
2014,"蘆洲",7491455
2015,"蘆洲",7905599
2016,"蘆洲",8405755
2017,"蘆洲",8666635
2018,"蘆洲",9258332
2019,"蘆洲",9898774
2020,"蘆洲",9258022
2021,"蘆洲",7183683
1996,"麟光",658328
1997,"麟光",1001659
1998,"麟光",1149809
1999,"麟光",1361460
2000,"麟光",2069160
2001,"麟光",2088403
2002,"麟光",2183293
2003,"麟光",2002865
2004,"麟光",2054084
2005,"麟光",2028717
2006,"麟光",2050657
2007,"麟光",2177322
2008,"麟光",2262028
2009,"麟光",2156287
2010,"麟光",2409439
2011,"麟光",2589148
2012,"麟光",2602916
2013,"麟光",2603061
2014,"麟光",2729795
2015,"麟光",2802248
2016,"麟光",2896163
2017,"麟光",2945107
2018,"麟光",2995044
2019,"麟光",3142908
2020,"麟光",2770423
2021,"麟光",2231410
